route_id,route_long_name,agency_id
0,193STLDOWN,DIMTS
1,125EXTDOWN,DIMTS
2,827LNKSTLUP,DIMTS
3,981ADOWN,DIMTS
4,199DOWN,DIMTS
5,320DOWN,DIMTS
6,783ADOWN,DIMTS
7,258STLUP,DIMTS
8,774STLUP,DIMTS
9,179UP,DIMTS
10,61DOWN,DIMTS
11,185STLDOWN,DIMTS
12,465LINKSTLDOWN,DIMTS
13,404DOWN,DIMTS
14,844DOWN,DIMTS
15,114BUP,DIMTS
16,261LNKSTLDOWN,DIMTS
17,433STLUP,DIMTS
18,840STLUP,DIMTS
19,990E_CLUP,DIMTS
20,887STLDOWN,DIMTS
21,148ADOWN,DIMTS
22,801STLDOWN,DIMTS
23,764MPSTLDOWN,DIMTS
24,411LNKSTLUP,DIMTS
25,182AUP,DIMTS
26,825STLDOWN,DIMTS
27,753DOWN,DIMTS
28,148STLUP,DIMTS
29,236AUP,DIMTS
30,260STLDOWN,DIMTS
31,548CLUP,DIMTS
32,703AUP,DIMTS
33,836EUP,DIMTS
34,129DOWN,DIMTS
35,511ASTLUP,DIMTS
36,171DOWN,DIMTS
37,145STLUP,DIMTS
38,505DOWN,DIMTS
39,848AUP,DIMTS
40,448CLUP,DIMTS
41,429CLDOWN,DIMTS
42,818BUP,DIMTS
43,CGO_COMPLEX-1_STLUP,DIMTS
44,378STLUP,DIMTS
45,943STLUP,DIMTS
46,708LSTLDOWN,DIMTS
47,208LNKSTLUP,DIMTS
48,154UP,DIMTS
49,774DOWN,DIMTS
50,173STLUP,DIMTS
51,172UP,DIMTS
52,790AUP2,DIMTS
53,73DOWN,DIMTS
54,548EXTUP,DIMTS
55,961BUP,DIMTS
56,978ADOWN,DIMTS
57,836 578LTDDOWN,DIMTS
58,543DOWN,DIMTS
59,938ACLDOWN,DIMTS
60,893UP,DIMTS
61,942EUP,DIMTS
62,445STLUP,DIMTS
63,934STLDOWN,DIMTS
64,729DOWN,DIMTS
65,411STLDOWN2,DIMTS
66,894STLUP,DIMTS
67,262LINKSTLDOWN,DIMTS
68,131UP,DIMTS
69,143UP,DIMTS
70,894CLUP,DIMTS
71,109DOWN,DIMTS
72,770ADOWN,DIMTS
73,829STLDOWN,DIMTS
74,706AUP,DIMTS
75,724DOWN,DIMTS
76,827STLDOWN,DIMTS
77,33LINKSTLDOWN,DIMTS
78,239DOWN,DIMTS
79,243STLDOWN,DIMTS
80,894CLDOWN,DIMTS
81,465DOWN,DIMTS
82,821DOWN,DIMTS
83,348DOWN,DIMTS
84,836STLUP,DIMTS
85,234CLEUP,DIMTS
86,221UP,DIMTS
87,927STLUP,DIMTS
88,107DOWN,DIMTS
89,340UP,DIMTS
90,836LNKSTLUP,DIMTS
91,825EUP,DIMTS
92,109STLDOWN,DIMTS
93,114+990EDOWN,DIMTS
94,182ACLSTLDOWN,DIMTS
95,790STLDOWN,DIMTS
96,979STLUP,DIMTS
97,712UP,DIMTS
98,107STLUP,DIMTS
99,838DOWN,DIMTS
100,153DOWN,DIMTS
101,175UP,DIMTS
102,858DOWN,DIMTS
103,588DOWN,DIMTS
104,540STLUP,DIMTS
105,907UP,DIMTS
106,818BDOWN,DIMTS
107,828AUP,DIMTS
108,611BUP,DIMTS
109,146AUP,DIMTS
110,418EXTDOWN,DIMTS
111,185LNKSTLUP,DIMTS
112,885STLUP,DIMTS
113,978UP,DIMTS
114,827LSTLUP,DIMTS
115,858UP,DIMTS
116,825ADOWN,DIMTS
117,931STLDOWN,DIMTS
118,922DOWN,DIMTS
119,83UP,DIMTS
120,720ADOWN,DIMTS
121,124STLDOWN,DIMTS
122,103ADOWN,DIMTS
123,703UP,DIMTS
124,972DOWN,DIMTS
125,858STLUP,DIMTS
126,611DOWN,DIMTS
127,307UP,DIMTS
128,433CLDOWN,DIMTS
129,836 578LTDUP,DIMTS
130,479STLDOWN,DIMTS
131,917DOWN,DIMTS
132,149STLDOWN,DIMTS
133,827AUP,DIMTS
134,784STLUP,DIMTS
135,405ADOWN,DIMTS
136,774STLDOWN,DIMTS
137,783UP,DIMTS
138,763UP,DIMTS
139,73LNKSTLDOWN,DIMTS
140,125ADOWN,DIMTS
141,717AUP,DIMTS
142,825UP,DIMTS
143,833ADOWN,DIMTS
144,117DOWN,DIMTS
145,944DOWN,DIMTS
146,753STLDOWN,DIMTS
147,261DOWN,DIMTS
148,254DOWN,DIMTS
149,104UP,DIMTS
150,403CLUP,DIMTS
151,129STLUP,DIMTS
152,131AUP,DIMTS
153,728LNKSTLDOWN,DIMTS
154,174STLDOWN,DIMTS
155,507STLDOWN,DIMTS
156,743ADOWN,DIMTS
157,979DOWN,DIMTS
158,833AUP,DIMTS
159,460STLDOWN,DIMTS
160,956STLUP,DIMTS
161,17AUP,DIMTS
162,827LSTLDOWN,DIMTS
163,260STLUP,DIMTS
164,479ACLUP,DIMTS
165,239UP,DIMTS
166,988DOWN,DIMTS
167,114BDOWN,DIMTS
168,156UP,DIMTS
169,119AUP,DIMTS
170,927EXTUP,DIMTS
171,137STLDOWN,DIMTS
172,61STLDOWN,DIMTS
173,429STLUP2,DIMTS
174,938LINKSTLUP,DIMTS
175,578ADOWN,DIMTS
176,829AUP,DIMTS
177,378STLDOWN,DIMTS
178,801LNKSTLUP,DIMTS
179,540CLDOWN,DIMTS
180,901STLCLUP,DIMTS
181,GL23UP,DIMTS
182,792UP,DIMTS
183,129STLDOWN,DIMTS
184,336ADOWN,DIMTS
185,539UP,DIMTS
186,175ADOWN,DIMTS
187,968UP,DIMTS
188,144STLUP,DIMTS
189,85EXTDOWN,DIMTS
190,813LNKSTLUP,DIMTS
191,961BDOWN,DIMTS
192,873STLDOWN,DIMTS
193,741STLUP,DIMTS
194,922AUP,DIMTS
195,932AUP,DIMTS
196,126UP,DIMTS
197,S1UP,DIMTS
198,173STLDOWN,DIMTS
199,219EXTUP,DIMTS
200,925STLUP,DIMTS
201,134UP,DIMTS
202,114UP,DIMTS
203,803CLDOWN,DIMTS
204,972UP,DIMTS
205,CGO_COMPLEX-2_UP,DIMTS
206,740AUP,DIMTS
207,816DOWN,DIMTS
208,624ACLUP,DIMTS
209,937AUP,DIMTS
210,175AUP,DIMTS
211,753UP,DIMTS
212,824LNKSTLDOWN,DIMTS
213,135DOWN,DIMTS
214,828ADOWN,DIMTS
215,138UP,DIMTS
216,167STLDOWN,DIMTS
217,108DOWN,DIMTS
218,905UP,DIMTS
219,543STLUP,DIMTS
220,719DOWN,DIMTS
221,774BDOWN,DIMTS
222,981UP,DIMTS
223,816EXTDOWN,DIMTS
224,101BUP,DIMTS
225,780DOWN,DIMTS
226,745UP,DIMTS
227,623UP,DIMTS
228,720UP,DIMTS
229,522CLDOWN,DIMTS
230,101EXTUP,DIMTS
231,112AUP,DIMTS
232,119ADOWN,DIMTS
233,885STLDOWN,DIMTS
234,942STLUP,DIMTS
235,801UP,DIMTS
236,826LINKSTLDOWN,DIMTS
237,378UP,DIMTS
238,724EXTUP,DIMTS
239,821STLDOWN,DIMTS
240,740EXTUP,DIMTS
241,887UP,DIMTS
242,141STLUP,DIMTS
243,128DOWN,DIMTS
244,460STLUP2,DIMTS
245,144STLDOWN,DIMTS
246,138ADOWN,DIMTS
247,445AUP,DIMTS
248,829STLUP,DIMTS
249,780UP,DIMTS
250,154STLDOWN,DIMTS
251,858ADOWN,DIMTS
252,701DOWN,DIMTS
253,828UP,DIMTS
254,702UP,DIMTS
255,331LNKSTLDOWN,DIMTS
256,429CLUP,DIMTS
257,149STLUP,DIMTS
258,112ADOWN,DIMTS
259,114BUP2,DIMTS
260,773UP,DIMTS
261,827DOWN,DIMTS
262,133ADOWN,DIMTS
263,719STLUP,DIMTS
264,917STLUP,DIMTS
265,411STLDOWN,DIMTS
266,835LSTLUP,DIMTS
267,956DOWN,DIMTS
268,751UP,DIMTS
269,741UP,DIMTS
270,114STLDOWN,DIMTS
271,165UP,DIMTS
272,410STL2DOWN,DIMTS
273,78STLDOWN,DIMTS
274,154AUP,DIMTS
275,886UP,DIMTS
276,822STLDOWN,DIMTS
277,148DOWN,DIMTS
278,578AUP,DIMTS
279,418AUP,DIMTS
280,144ADOWN2,DIMTS
281,729UP,DIMTS
282,202DOWN,DIMTS
283,776UP,DIMTS
284,174UP,DIMTS
285,134STLUP,DIMTS
286,931STLUP,DIMTS
287,978EUP,DIMTS
288,124UP,DIMTS
289,891UP,DIMTS
290,391DOWN,DIMTS
291,708STLUP,DIMTS
292,998STLUP,DIMTS
293,792STLDOWN,DIMTS
294,982LNKSTLUP,DIMTS
295,740EXTDOWN,DIMTS
296,835UP,DIMTS
297,934STLUP,DIMTS
298,923ADOWN,DIMTS
299,817NDOWN,DIMTS
300,770BDOWN,DIMTS
301,992ADOWN,DIMTS
302,711DOWN,DIMTS
303,840DOWN,DIMTS
304,806DOWN,DIMTS
305,817LNKSTLUP,DIMTS
306,764LNKSTLUP,DIMTS
307,400DOWN,DIMTS
308,445STLDOWN,DIMTS
309,391STLUP,DIMTS
310,457STLUP,DIMTS
311,784DOWN,DIMTS
312,473CLUP,DIMTS
313,396DOWN,DIMTS
314,78STLUP,DIMTS
315,729BDOWN,DIMTS
316,183DOWN,DIMTS
317,740BUP,DIMTS
318,480DOWN,DIMTS
319,78DOWN,DIMTS
320,624ALINKSTLUP,DIMTS
321,158DOWN,DIMTS
322,410STL2UP,DIMTS
323,832LINKSTLDOWN,DIMTS
324,874DOWN,DIMTS
325,CGO_COMPLEX-1_UP,DIMTS
326,185LNKSTL2DOWN,DIMTS
327,403STLDOWN,DIMTS
328,348UP,DIMTS
329,745STLDOWN,DIMTS
330,740ADOWN,DIMTS
331,934UP,DIMTS
332,540ACLDOWN,DIMTS
333,836DOWN,DIMTS
334,624ACLDOWN,DIMTS
335,85AEXTUP,DIMTS
336,TMS(+)LAJPATNAGAR,DIMTS
337,522CLUP,DIMTS
338,TMS-LAJPATNGR-AZADPURTERMINAL,DIMTS
339,403CLDOWN,DIMTS
340,624ASTLUP,DIMTS
341,125AUP,DIMTS
342,859DOWN,DIMTS
343,165ADOWN,DIMTS
344,893DOWN,DIMTS
345,887DOWN,DIMTS
346,124STLUP,DIMTS
347,917STLDOWN,DIMTS
348,548CLDOWN,DIMTS
349,764MVSTLDOWN,DIMTS
350,548EXTDOWN,DIMTS
351,978STLDOWN,DIMTS
352,805AUP,DIMTS
353,123UP,DIMTS
354,753AUP,DIMTS
355,114DOWN,DIMTS
356,871DOWN,DIMTS
357,182ACLUP,DIMTS
358,227ASTLUP,DIMTS
359,114AUP,DIMTS
360,144ASTLUP,DIMTS
361,153UP,DIMTS
362,708STLDOWN,DIMTS
363,133AUP,DIMTS
364,17UP,DIMTS
365,123AUP,DIMTS
366,185STLUP,DIMTS
367,979STLDOWN,DIMTS
368,310DOWN,DIMTS
369,891STLDOWN,DIMTS
370,790+825UP,DIMTS
371,246CLUP,DIMTS
372,211UP,DIMTS
373,917UP,DIMTS
374,825DOWN,DIMTS
375,836STLDOWN,DIMTS
376,419LSTLDOWN,DIMTS
377,433LNKSTLUP,DIMTS
378,47ACLUP,DIMTS
379,944STLUP,DIMTS
380,104STLDOWN,DIMTS
381,129ADOWN,DIMTS
382,806STLDOWN,DIMTS
383,465LINKSTLUP,DIMTS
384,821STLUP,DIMTS
385,534DOWN,DIMTS
386,460STLUP,DIMTS
387,938ACLUP,DIMTS
388,708AUP,DIMTS
389,719UP,DIMTS
390,119STLUP,DIMTS
391,128STLUP,DIMTS
392,873UP,DIMTS
393,174LSTLUP,DIMTS
394,876STLDOWN,DIMTS
395,149AUP,DIMTS
396,833LNKSTLDOWN,DIMTS
397,101BDOWN,DIMTS
398,832DOWN,DIMTS
399,165AUP,DIMTS
400,261UP,DIMTS
401,793STLUP,DIMTS
402,741AUP,DIMTS
403,TMS-AZADPUR-LAJPAT,DIMTS
404,165DOWN,DIMTS
405,107UP,DIMTS
406,173DOWN,DIMTS
407,886STLDOWN,DIMTS
408,951DOWN,DIMTS
409,836578LTDUP,DIMTS
410,873STLUP,DIMTS
411,307STLUP,DIMTS
412,143DOWN,DIMTS
413,701STLDOWN,DIMTS
414,172STLDOWN,DIMTS
415,47ACLDOWN,DIMTS
416,743BDOWN,DIMTS
417,717UP,DIMTS
418,139STLUP,DIMTS
419,817DOWN,DIMTS
420,7LNKSTLDOWN,DIMTS
421,776DOWN,DIMTS
422,17DOWN,DIMTS
423,194DOWN,DIMTS
424,925DOWN,DIMTS
425,817UP,DIMTS
426,188UP,DIMTS
427,61UP,DIMTS
428,138AUP,DIMTS
429,885DOWN,DIMTS
430,307LSTLUP,DIMTS
431,405STLDOWN,DIMTS
432,971LNKSTLDOWN,DIMTS
433,17STLDOWN,DIMTS
434,723UP,DIMTS
435,408CLDOWN,DIMTS
436,83STLUP,DIMTS
437,47ASTLUP,DIMTS
438,194UP,DIMTS
439,174STLUP2,DIMTS
440,208UP,DIMTS
441,784UP,DIMTS
442,801DOWN,DIMTS
443,378DOWN,DIMTS
444,412UP,DIMTS
445,743ASTLUP,DIMTS
446,878+578LTDDOWN,DIMTS
447,981STLDOWN,DIMTS
448,979ADOWN,DIMTS
449,623LNKSTLDOWN,DIMTS
450,147AUP,DIMTS
451,770ALTDUP,DIMTS
452,937ADOWN,DIMTS
453,100STLUP,DIMTS
454,743AUP,DIMTS
455,702ADOWN,DIMTS
456,859UP,DIMTS
457,720AUP,DIMTS
458,883EXTDOWN,DIMTS
459,214CLDOWN,DIMTS
460,764UP,DIMTS
461,47BUP,DIMTS
462,968DOWN,DIMTS
463,907STLDOWN,DIMTS
464,623EXTUP,DIMTS
465,429STLDOWN2,DIMTS
466,109UP,DIMTS
467,120DOWN,DIMTS
468,874ADOWN,DIMTS
469,139DOWN,DIMTS
470,776STLUP,DIMTS
471,182ACLSTLUP,DIMTS
472,923AUP,DIMTS
473,211DOWN,DIMTS
474,158STLUP,DIMTS
475,161AUP,DIMTS
476,968STLUP,DIMTS
477,146STLUP,DIMTS
478,148AUP,DIMTS
479,141DOWN,DIMTS
480,112STLDOWN,DIMTS
481,790UP,DIMTS
482,206UP,DIMTS
483,85DOWN,DIMTS
484,539LSTLDOWN,DIMTS
485,208DOWN,DIMTS
486,942ADOWN,DIMTS
487,783DOWN,DIMTS
488,906STLDOWN,DIMTS
489,405AUP,DIMTS
490,922ADOWN,DIMTS
491,243BUP,DIMTS
492,925STLDOWN,DIMTS
493,CGO_COMPLEX-1_DOWN,DIMTS
494,891DOWN,DIMTS
495,929STLUP,DIMTS
496,309EXTUP,DIMTS
497,78UP,DIMTS
498,88ADOWN,DIMTS
499,817LNKSTLDOWN,DIMTS
500,829ADOWN,DIMTS
501,114ST+901DOWN,DIMTS
502,905AUP,DIMTS
503,826EDOWN,DIMTS
504,764LINKSTLDOWN,DIMTS
505,817NSTLDOWN,DIMTS
506,147STLDOWN,DIMTS
507,144DOWN,DIMTS
508,153STLDOWN,DIMTS
509,167DOWN,DIMTS
510,171ADOWN,DIMTS
511,219STLUP,DIMTS
512,828DOWN,DIMTS
513,141UP,DIMTS
514,142STLDOWN,DIMTS
515,825AUP,DIMTS
516,539DOWN,DIMTS
517,834AUP,DIMTS
518,801STLUP,DIMTS
519,836EDOWN,DIMTS
520,623LNKSTLUP,DIMTS
521,840STLDOWN,DIMTS
522,990CLUP,DIMTS
523,806UP,DIMTS
524,109STLUP,DIMTS
525,740BDOWN,DIMTS
526,978LSTLUP,DIMTS
527,149UP,DIMTS
528,114STLUP,DIMTS
529,886ADOWN,DIMTS
530,61STLUP,DIMTS
531,418EXTUP,DIMTS
532,978LSTLDOWN,DIMTS
533,125DOWN,DIMTS
534,479STLUP,DIMTS
535,772DOWN,DIMTS
536,148UP,DIMTS
537,848ADOWN,DIMTS
538,934ADOWN,DIMTS
539,998UP,DIMTS
540,100UP,DIMTS
541,154STLUP,DIMTS
542,191STLUP,DIMTS
543,992AUP,DIMTS
544,623EXTDOWN,DIMTS
545,817NUP,DIMTS
546,826STLDOWN,DIMTS
547,408EXTCLDOWN,DIMTS
548,578EUP,DIMTS
549,883UP,DIMTS
550,197UP,DIMTS
551,878STLDOWN,DIMTS
552,817NEXTUP,DIMTS
553,578STLDOWN,DIMTS
554,825STLUP,DIMTS
555,119DOWN,DIMTS
556,125UP,DIMTS
557,158STLDOWN,DIMTS
558,774BUP,DIMTS
559,979UP,DIMTS
560,460CLUP,DIMTS
561,102STLDOWN,DIMTS
562,156DOWN,DIMTS
563,101EXTDOWN,DIMTS
564,623DOWN,DIMTS
565,126STLUP,DIMTS
566,47BDOWN,DIMTS
567,103AUP,DIMTS
568,193DOWN,DIMTS
569,114+990UP,DIMTS
570,578LINKSTLDOWN,DIMTS
571,408STLUP,DIMTS
572,144UP,DIMTS
573,992UP,DIMTS
574,931DOWN,DIMTS
575,848DOWN,DIMTS
576,871ADOWN,DIMTS
577,205LSTLUP,DIMTS
578,114ASTLDOWN,DIMTS
579,185DOWN,DIMTS
580,336ALNKSTLUP,DIMTS
581,85EXTUP,DIMTS
582,112STLUP,DIMTS
583,396UP,DIMTS
584,803CLUP,DIMTS
585,719AUP,DIMTS
586,753ADOWN,DIMTS
587,834ADOWN,DIMTS
588,934DOWN,DIMTS
589,348ADOWN,DIMTS
590,124DOWN,DIMTS
591,146UP,DIMTS
592,847UP,DIMTS
593,139UP,DIMTS
594,873DOWN,DIMTS
595,850STLUP,DIMTS
596,988UP,DIMTS
597,127STLUP,DIMTS
598,906UP,DIMTS
599,149DOWN,DIMTS
600,214CLUP,DIMTS
601,405STLUP,DIMTS
602,125EXTUP,DIMTS
603,142DOWN,DIMTS
604,874UP,DIMTS
605,751DOWN,DIMTS
606,741STLDOWN,DIMTS
607,307STLDOWN,DIMTS
608,119UP,DIMTS
609,311AUP,DIMTS
610,872UP,DIMTS
611,145UP,DIMTS
612,962STLDOWN,DIMTS
613,410STLUP,DIMTS
614,144ADOWN,DIMTS
615,254UP,DIMTS
616,943STLDOWN,DIMTS
617,878STLUP,DIMTS
618,764MPSTLUP,DIMTS
619,102STLUP,DIMTS
620,826LINKSTLUP,DIMTS
621,104STLUP,DIMTS
622,114BDOWN2,DIMTS
623,961DOWN,DIMTS
624,775EUP,DIMTS
625,850DOWN,DIMTS
626,112UP,DIMTS
627,33LNKSTLDOWN,DIMTS
628,262DOWN,DIMTS
629,175DOWN,DIMTS
630,193UP,DIMTS
631,179DOWN,DIMTS
632,728ADOWN,DIMTS
633,120UP,DIMTS
634,161UP,DIMTS
635,172DOWN,DIMTS
636,971LNKSTLUP,DIMTS
637,708LSTLUP,DIMTS
638,822DOWN,DIMTS
639,03STLDOWN,DIMTS
640,859STLUP,DIMTS
641,886STLUP,DIMTS
642,829DOWN,DIMTS
643,205LNKSTLUP,DIMTS
644,907STLUP,DIMTS
645,764LNKSTLDOWN,DIMTS
646,792DOWN,DIMTS
647,227AUP,DIMTS
648,588UP,DIMTS
649,108UP,DIMTS
650,728AUP,DIMTS
651,962STLUP,DIMTS
652,578UP,DIMTS
653,262UP,DIMTS
654,944STLDOWN,DIMTS
655,968ADOWN,DIMTS
656,33LSTLUP,DIMTS
657,212DOWN,DIMTS
658,827ADOWN,DIMTS
659,391STLDOWN,DIMTS
660,901CLUP,DIMTS
661,405ASTLUP,DIMTS
662,165LINKSTLDOWN,DIMTS
663,826DOWN,DIMTS
664,202UP,DIMTS
665,171STLUP,DIMTS
666,136STLUP,DIMTS
667,405UP,DIMTS
668,770BUP,DIMTS
669,944UP,DIMTS
670,141STLDOWN,DIMTS
671,318STLUP,DIMTS
672,890DOWN,DIMTS
673,113AUP,DIMTS
674,194STLDOWN,DIMTS
675,157ADOWN,DIMTS
676,872DOWN,DIMTS
677,728EUP,DIMTS
678,17ADOWN,DIMTS
679,790BDOWN,DIMTS
680,826STLUP,DIMTS
681,103UP,DIMTS
682,968AUP,DIMTS
683,997UP,DIMTS
684,425CLUP,DIMTS
685,792ADOWN,DIMTS
686,836LNKSTLDOWN,DIMTS
687,260DOWN,DIMTS
688,146ADOWN,DIMTS
689,611BDOWN,DIMTS
690,774UP,DIMTS
691,745STLUP,DIMTS
692,391UP,DIMTS
693,844STLDOWN,DIMTS
694,185LSTL2UP,DIMTS
695,743LNKSTLUP,DIMTS
696,127UP,DIMTS
697,185LSTL2DOWN,DIMTS
698,923UP,DIMTS
699,816UP,DIMTS
700,998DOWN,DIMTS
701,CGO_COMPLEX-2_STLUP,DIMTS
702,412STLUP,DIMTS
703,834STLUP,DIMTS
704,706DOWN,DIMTS
705,148STLDOWN,DIMTS
706,03DOWN,DIMTS
707,457STLDOWN,DIMTS
708,968STLDOWN,DIMTS
709,931UP,DIMTS
710,113STLUP,DIMTS
711,137UP,DIMTS
712,262LINKSTLUP,DIMTS
713,145DOWN,DIMTS
714,721DOWN,DIMTS
715,419LSTLUP,DIMTS
716,307LSTLDOWN,DIMTS
717,185LSTLUP,DIMTS
718,817AUP,DIMTS
719,775ADOWN,DIMTS
720,930DOWN,DIMTS
721,340STLUP,DIMTS
722,790AUP,DIMTS
723,702AUP,DIMTS
724,73LNKSTLUP,DIMTS
725,932UP,DIMTS
726,511ASTLDOWN,DIMTS
727,183STLUP,DIMTS
728,824STLUP,DIMTS
729,33LNKSTLUP,DIMTS
730,792STLUP,DIMTS
731,114EXTUP,DIMTS
732,411LNKSTLDOWN,DIMTS
733,73UP,DIMTS
734,113STLDOWN,DIMTS
735,161STLDOWN,DIMTS
736,165LINKSTLUP,DIMTS
737,191UP,DIMTS
738,930ADOWN,DIMTS
739,460CLDOWN,DIMTS
740,819STLUP,DIMTS
741,137STLUP,DIMTS
742,212UP,DIMTS
743,113ADOWN,DIMTS
744,784STLDOWN,DIMTS
745,834STLDOWN,DIMTS
746,114+990DOWN,DIMTS
747,147DOWN,DIMTS
748,539BUP,DIMTS
749,171STLDOWN,DIMTS
750,743BUP,DIMTS
751,100STLDOWN,DIMTS
752,522STLUP,DIMTS
753,425STLUP,DIMTS
754,183UP,DIMTS
755,136DOWN,DIMTS
756,243AUP,DIMTS
757,317STLDOWN,DIMTS
758,CGO_COMPLEX-1_STLDOWN,DIMTS
759,03UP,DIMTS
760,840UP,DIMTS
761,761DOWN,DIMTS
762,197DOWN,DIMTS
763,309EXTDOWN,DIMTS
764,106DOWN,DIMTS
765,154DOWN,DIMTS
766,147ADOWN,DIMTS
767,844STLUP,DIMTS
768,974UP,DIMTS
769,479CLUP,DIMTS
770,311ADOWN,DIMTS
771,113UP,DIMTS
772,794UP,DIMTS
773,336AUP,DIMTS
774,817ADOWN,DIMTS
775,543ADOWN,DIMTS
776,981AUP,DIMTS
777,764MVSTLUP,DIMTS
778,922UP,DIMTS
779,158UP,DIMTS
780,120ADOWN,DIMTS
781,702DOWN,DIMTS
782,88AUP,DIMTS
783,408EXTCLUP,DIMTS
784,887STLUP,DIMTS
785,GL23DOWN,DIMTS
786,450LNKSTLDOWN,DIMTS
787,890UP,DIMTS
788,183STLDOWN,DIMTS
789,906STLUP,DIMTS
790,847DOWN,DIMTS
791,185LSTLDOWN,DIMTS
792,708DOWN,DIMTS
793,834UP,DIMTS
794,930AUP,DIMTS
795,147STLUP,DIMTS
796,824SSTLDOWN,DIMTS
797,778DOWN,DIMTS
798,775EDOWN,DIMTS
799,956UP,DIMTS
800,543AUP,DIMTS
801,951UP,DIMTS
802,624BLNKSTLDOWN,DIMTS
803,418ALNKSTLDOWN,DIMTS
804,153STLUP,DIMTS
805,978EDOWN,DIMTS
806,91DOWN,DIMTS
807,871UP,DIMTS
808,134DOWN,DIMTS
809,425CLDOWN,DIMTS
810,205UP,DIMTS
811,943AUP,DIMTS
812,728EDOWN,DIMTS
813,825+790DOWN,DIMTS
814,261LNKSTLUP,DIMTS
815,539AUP,DIMTS
816,429STLUP,DIMTS
817,828STLDOWN,DIMTS
818,174STLUP,DIMTS
819,844UP,DIMTS
820,136STLDOWN,DIMTS
821,838BDOWN,DIMTS
822,174DOWN,DIMTS
823,943DOWN,DIMTS
824,120AUP,DIMTS
825,929DOWN,DIMTS
826,807ADOWN,DIMTS
827,790ADOWN2,DIMTS
828,925UP,DIMTS
829,100DOWN,DIMTS
830,120STLUP,DIMTS
831,85UP,DIMTS
832,123ADOWN,DIMTS
833,540CLUP,DIMTS
834,91LINKSTLDOWN,DIMTS
835,961UP,DIMTS
836,793UP,DIMTS
837,102UP,DIMTS
838,450LNKSTLUP,DIMTS
839,479CLDOWN,DIMTS
840,410CLUP,DIMTS
841,921CLDOWN,DIMTS
842,906DOWN,DIMTS
843,790DOWN,DIMTS
844,147UP,DIMTS
845,962EXTCLUP,DIMTS
846,125STLUP,DIMTS
847,85BEXTDOWN,DIMTS
848,181UP,DIMTS
849,RL-77UP,DIMTS
850,990E_CLDOWN,DIMTS
851,890STLUP,DIMTS
852,836578LTDDOWN,DIMTS
853,817EXTUP,DIMTS
854,836LSTLDOWN,DIMTS
855,810UP,DIMTS
856,961ADOWN,DIMTS
857,818AUP,DIMTS
858,234CLDOWN,DIMTS
859,131DOWN,DIMTS
860,243ADOWN,DIMTS
861,876STLUP,DIMTS
862,578ADOWN2,DIMTS
863,142STLUP,DIMTS
864,227ADOWN,DIMTS
865,106UP,DIMTS
866,801LNKSTLDOWN,DIMTS
867,114+990EUP,DIMTS
868,317DOWN,DIMTS
869,193STLUP,DIMTS
870,817EUP,DIMTS
871,138DOWN,DIMTS
872,717DOWN,DIMTS
873,793STLDOWN,DIMTS
874,193ADOWN,DIMTS
875,317UP,DIMTS
876,824LSTLUP,DIMTS
877,173UP,DIMTS
878,205LNKSTLDOWN,DIMTS
879,473CLDOWN,DIMTS
880,120STLDOWN,DIMTS
881,123STLDOWN,DIMTS
882,236DOWN,DIMTS
883,258DOWN,DIMTS
884,701STLUP,DIMTS
885,883DOWN,DIMTS
886,773DOWN,DIMTS
887,943ADOWN,DIMTS
888,878DOWN,DIMTS
889,817NEXTDOWN,DIMTS
890,578AUP2,DIMTS
891,348AUP,DIMTS
892,832UP,DIMTS
893,819DOWN,DIMTS
894,818ADOWN,DIMTS
895,146STLDOWN,DIMTS
896,154ADOWN,DIMTS
897,119STLDOWN,DIMTS
898,819UP,DIMTS
899,932ADOWN,DIMTS
900,448EXTDOWN,DIMTS
901,135UP,DIMTS
902,997DOWN,DIMTS
903,410STLDOWN,DIMTS
904,824STLDOWN,DIMTS
905,540STLDOWN,DIMTS
906,161DOWN,DIMTS
907,172STLUP,DIMTS
908,144AUP,DIMTS
909,611UP,DIMTS
910,850LTDDOWN,DIMTS
911,578STLUP,DIMTS
912,157AUP,DIMTS
913,741ADOWN,DIMTS
914,929STLDOWN,DIMTS
915,938LNKSTLDOWN,DIMTS
916,778UP,DIMTS
917,943UP,DIMTS
918,167STLUP,DIMTS
919,197STLDOWN,DIMTS
920,109AUP,DIMTS
921,199UP,DIMTS
922,808UP,DIMTS
923,539LSTLUP,DIMTS
924,507CLUP,DIMTS
925,540ACLUP,DIMTS
926,743ASTLDOWN,DIMTS
927,188DOWN,DIMTS
928,236ADOWN,DIMTS
929,157STLUP,DIMTS
930,205LSTLDOWN,DIMTS
931,813LNKSTLDOWN,DIMTS
932,539ADOWN,DIMTS
933,838ADOWN,DIMTS
934,47ALNKSTLUP,DIMTS
935,624ASTLDOWN,DIMTS
936,412STLDOWN,DIMTS
937,197STLUP,DIMTS
938,836UP,DIMTS
939,727UP,DIMTS
940,172AUP,DIMTS
941,764EXTDOWN,DIMTS
942,905STLDOWN,DIMTS
943,433LNKSTLDOWN,DIMTS
944,872STLDOWN,DIMTS
945,836ESTLUP,DIMTS
946,144AUP2,DIMTS
947,136UP,DIMTS
948,254STLUP,DIMTS
949,156STLUP,DIMTS
950,433STLDOWN,DIMTS
951,83DOWN,DIMTS
952,828STLUP,DIMTS
953,191DOWN,DIMTS
954,717ADOWN,DIMTS
955,719STLDOWN,DIMTS
956,772STLUP,DIMTS
957,400UP,DIMTS
958,114ADOWN2,DIMTS
959,942AUP,DIMTS
960,772STLDOWN,DIMTS
961,205DOWN,DIMTS
962,103DOWN,DIMTS
963,790ADOWN,DIMTS
964,741DOWN,DIMTS
965,806STLUP,DIMTS
966,CGO_COMPLEX-2_STLDOWN,DIMTS
967,CGO_COMPLEX-2_DOWN,DIMTS
968,134STLDOWN,DIMTS
969,429STLDOWN,DIMTS
970,258STLDOWN,DIMTS
971,578BUP,DIMTS
972,719ADOWN,DIMTS
973,826UP,DIMTS
974,825LINKSTLDOWN,DIMTS
975,825EDOWN,DIMTS
976,930UP,DIMTS
977,978DOWN,DIMTS
978,TMS+LAJPAT-AZADPUR,DIMTS
979,761UP,DIMTS
980,819STLDOWN,DIMTS
981,193AUP,DIMTS
982,91UP,DIMTS
983,83STLDOWN,DIMTS
984,175STLUP,DIMTS
985,174STLDOWN2,DIMTS
986,156STLDOWN,DIMTS
987,RL-77DOWN,DIMTS
988,03STLUP,DIMTS
989,117UP,DIMTS
990,522STLDOWN,DIMTS
991,507STLUP,DIMTS
992,114ASTLUP,DIMTS
993,927EXTDOWN,DIMTS
994,318UP,DIMTS
995,724UP,DIMTS
996,425STLDOWN,DIMTS
997,961EDOWN,DIMTS
998,764DOWN,DIMTS
999,781UP,DIMTS
1000,783AUP,DIMTS
1001,219STLDOWN,DIMTS
1002,905STLUP,DIMTS
1003,127DOWN,DIMTS
1004,108STLDOWN,DIMTS
1005,835LNKSTLDOWN,DIMTS
1006,142UP,DIMTS
1007,412DOWN,DIMTS
1008,942DOWN,DIMTS
1009,858STLDOWN,DIMTS
1010,47ASTL2UP,DIMTS
1011,708ADOWN,DIMTS
1012,448STLDOWN,DIMTS
1013,790+876UP,DIMTS
1014,236UP,DIMTS
1015,891STLUP,DIMTS
1016,410CLDOWN,DIMTS
1017,167UP,DIMTS
1018,TMS-PBAGH,DIMTS
1019,720DOWN,DIMTS
1020,992DOWN,DIMTS
1021,260UP,DIMTS
1022,133UP,DIMTS
1023,85AEXTDOWN,DIMTS
1024,822STLUP,DIMTS
1025,929UP,DIMTS
1026,402CLUP,DIMTS
1027,708UP,DIMTS
1028,729BUP,DIMTS
1029,429LSTLDOWN,DIMTS
1030,961AUP,DIMTS
1031,721UP,DIMTS
1032,243STLUP,DIMTS
1033,833LNKSTLUP,DIMTS
1034,911ADOWN,DIMTS
1035,234CLUP,DIMTS
1036,807AUP,DIMTS
1037,848UP,DIMTS
1038,801AUP,DIMTS
1039,144ASTLDOWN,DIMTS
1040,182ADOWN,DIMTS
1041,310UP,DIMTS
1042,972EXTDOWN,DIMTS
1043,234CLEDOWN,DIMTS
1044,33LSTLDOWN,DIMTS
1045,181ADOWN,DIMTS
1046,102DOWN,DIMTS
1047,112DOWN,DIMTS
1048,182ACLDOWN,DIMTS
1049,145STLDOWN,DIMTS
1050,810DOWN,DIMTS
1051,126STLDOWN,DIMTS
1052,318STLDOWN,DIMTS
1053,781DOWN,DIMTS
1054,792AUP,DIMTS
1055,942EDOWN,DIMTS
1056,254STLDOWN,DIMTS
1057,129UP,DIMTS
1058,219EXTDOWN,DIMTS
1059,317STLUP,DIMTS
1060,961EUP,DIMTS
1061,824LNKSTLUP,DIMTS
1062,832LINKSTLUP,DIMTS
1063,790BUP,DIMTS
1064,445ADOWN,DIMTS
1065,813CLDOWN,DIMTS
1066,113DOWN,DIMTS
1067,813CLUP,DIMTS
1068,805ADOWN,DIMTS
1069,712DOWN,DIMTS
1070,703ADOWN,DIMTS
1071,206AUP,DIMTS
1072,838UP,DIMTS
1073,942STLDOWN,DIMTS
1074,824LINKSTLDOWN,DIMTS
1075,982LNKSTLDOWN,DIMTS
1076,829UP,DIMTS
1077,764EXTUP,DIMTS
1078,790STLUP,DIMTS
1079,974DOWN,DIMTS
1080,827STLUP,DIMTS
1081,199STLUP,DIMTS
1082,307DOWN,DIMTS
1083,413DOWN,DIMTS
1084,410ACLUP,DIMTS
1085,479ACLDOWN,DIMTS
1086,331LNKSTLUP,DIMTS
1087,LTDUP,DIMTS
1088,107STLDOWN,DIMTS
1089,543STLDOWN,DIMTS
1090,858AUP,DIMTS
1091,47ALNKSTLDOWN,DIMTS
1092,543UP,DIMTS
1093,199STLDOWN,DIMTS
1094,181AUP,DIMTS
1095,404UP,DIMTS
1096,835DOWN,DIMTS
1097,826EUP,DIMTS
1098,824LINKSTLUP,DIMTS
1099,850STLDOWN,DIMTS
1100,402CLDOWN,DIMTS
1101,821UP,DIMTS
1102,175STLDOWN,DIMTS
1103,883EXTUP,DIMTS
1104,817EDOWN,DIMTS
1105,793DOWN,DIMTS
1106,801ADOWN,DIMTS
1107,817NSTLUP,DIMTS
1108,874AUP,DIMTS
1109,776STLDOWN,DIMTS
1110,131ADOWN,DIMTS
1111,534UP,DIMTS
1112,813EUP,DIMTS
1113,905ADOWN,DIMTS
1114,772UP,DIMTS
1115,770ALTDDOWN,DIMTS
1116,578LINKSTLUP,DIMTS
1117,146DOWN,DIMTS
1118,770AUP,DIMTS
1119,956STLDOWN,DIMTS
1120,253UP,DIMTS
1121,727DOWN,DIMTS
1122,703DOWN,DIMTS
1123,890STLDOWN,DIMTS
1124,723DOWN,DIMTS
1125,128STLDOWN,DIMTS
1126,539BDOWN,DIMTS
1127,824UP,DIMTS
1128,TMS+AL,DIMTS
1129,836AUP,DIMTS
1130,578DOWN,DIMTS
1131,206DOWN,DIMTS
1132,827UP,DIMTS
1133,104DOWN,DIMTS
1134,340DOWN,DIMTS
1135,465UP,DIMTS
1136,835STLDOWN,DIMTS
1137,128UP,DIMTS
1138,206ADOWN,DIMTS
1139,876+790DOWN,DIMTS
1140,835LNKSTLUP,DIMTS
1141,449ADOWN,DIMTS
1142,404LINKSTLUP,DIMTS
1143,850UP,DIMTS
1144,824DOWN,DIMTS
1145,7LNKSTLUP,DIMTS
1146,706UP,DIMTS
1147,894STLDOWN,DIMTS
1148,85BEXTUP,DIMTS
1149,123STLUP,DIMTS
1150,TMS+PUNJABIBAGH,DIMTS
1151,794DOWN,DIMTS
1152,543SPLDOWN,DIMTS
1153,871AUP,DIMTS
1154,998STLDOWN,DIMTS
1155,258UP,DIMTS
1156,885UP,DIMTS
1157,108STLUP,DIMTS
1158,624BLNKSTLUP,DIMTS
1159,47ASTLDOWN,DIMTS
1160,711UP,DIMTS
1161,208LNKSTLDOWN,DIMTS
1162,91LINKSTLUP,DIMTS
1163,775AUP,DIMTS
1164,816ADOWN,DIMTS
1165,125STLDOWN,DIMTS
1166,149ADOWN,DIMTS
1167,878+578LTDUP,DIMTS
1168,137DOWN,DIMTS
1169,449AUP,DIMTS
1170,850LTDUP,DIMTS
1171,835STLUP,DIMTS
1172,171AUP,DIMTS
1173,859STLDOWN,DIMTS
1174,763DOWN,DIMTS
1175,403STLUP,DIMTS
1176,408CLUP,DIMTS
1177,923DOWN,DIMTS
1178,138STLUP,DIMTS
1179,578CDOWN,DIMTS
1180,990CLDOWN,DIMTS
1181,817EXTDOWN,DIMTS
1182,161STLUP,DIMTS
1183,194STLUP,DIMTS
1184,129AUP,DIMTS
1185,981DOWN,DIMTS
1186,181DOWN,DIMTS
1187,886AUP,DIMTS
1188,TMS-LAJPATNAGAR,DIMTS
1189,139STLDOWN,DIMTS
1190,934AUP,DIMTS
1191,448CLDOWN,DIMTS
1192,340STLDOWN,DIMTS
1193,834DOWN,DIMTS
1194,836LSTLUP,DIMTS
1195,405DOWN,DIMTS
1196,418ALNKSTLUP,DIMTS
1197,886DOWN,DIMTS
1198,835LSTLDOWN,DIMTS
1199,808DOWN,DIMTS
1200,S1DOWN,DIMTS
1201,17STLUP,DIMTS
1202,114AUP2,DIMTS
1203,161ADOWN,DIMTS
1204,822UP,DIMTS
1205,114ADOWN,DIMTS
1206,883ADOWN,DIMTS
1207,816AUP,DIMTS
1208,33LINKSTLUP,DIMTS
1209,174LSTLDOWN,DIMTS
1210,872STLUP,DIMTS
1211,921CLUP,DIMTS
1212,979AUP,DIMTS
1213,921EUP,DIMTS
1214,405ASTLDOWN,DIMTS
1215,185UP,DIMTS
1216,336ALNKSTLDOWN,DIMTS
1217,171UP,DIMTS
1218,838AUP,DIMTS
1219,318DOWN,DIMTS
1220,480UP,DIMTS
1221,246CLDOWN,DIMTS
1222,413UP,DIMTS
1223,127STLDOWN,DIMTS
1224,883BLTDDOWN,DIMTS
1225,624ALINKSTLDOWN,DIMTS
1226,813EDOWN,DIMTS
1227,429LSTLUP,DIMTS
1228,320UP,DIMTS
1229,253DOWN,DIMTS
1230,133DOWN,DIMTS
1231,408STLDOWN,DIMTS
1232,191STLDOWN,DIMTS
1233,448EXTUP,DIMTS
1234,157STLDOWN,DIMTS
1235,126DOWN,DIMTS
1236,921STLUP,DIMTS
1237,507CLDOWN,DIMTS
1238,911AUP,DIMTS
1239,878UP,DIMTS
1240,701UP,DIMTS
1241,114EXTDOWN,DIMTS
1242,978AUP,DIMTS
1243,728STLUP,DIMTS
1244,801LSTLDOWN,DIMTS
1245,172ADOWN,DIMTS
1246,227ASTLDOWN,DIMTS
1247,801LSTLUP,DIMTS
1248,448STLUP,DIMTS
1249,109ADOWN,DIMTS
1250,745DOWN,DIMTS
1251,505UP,DIMTS
1252,907DOWN,DIMTS
1253,743LNKSTLDOWN,DIMTS
1254,123DOWN,DIMTS
1255,706ADOWN,DIMTS
1256,927STLDOWN,DIMTS
1257,221DOWN,DIMTS
1258,901CLDOWN,DIMTS
1259,972EXTUP,DIMTS
1260,825LINKSTLUP,DIMTS
1261,962EXTCLDOWN,DIMTS
1262,905DOWN,DIMTS
1263,243BDOWN,DIMTS
1264,932DOWN,DIMTS
1265,981STLUP,DIMTS
1266,418ADOWN,DIMTS
1267,433CLUP,DIMTS
1268,942UP,DIMTS
1269,138STLDOWN,DIMTS
